Ô1;un;rapace;12;22;22;ss;dd;ff;gg;hh;hh;hh;hh;hh;;;;;;
2;Accipitriformes;Accipitridae;441604;188728;441604;Esp√®ce;"Accipiter bicolor";"(Vieillot, 1817)";"Accipiter bicolor (Vieillot, 1817)";"Accipiter bicolor (Vieillot, 1817)";"""√âpervier bicolore """;;Chordata;Aves;Animalia;;;;;
3;Accipitriformes;Accipitridae;645315;188728;645315;Esp√®ce;"Accipiter cooperii";"(Bonaparte, 1828)";"Accipiter cooperii (Bonaparte, 1828)";"Accipiter cooperii (Bonaparte, 1828)";"√âpervier de Cooper";;Chordata;Aves;Animalia;;Crochu;gris;jaune;
4;Accipitriformes;Accipitridae;698711;188728;698711;Esp√®ce;"Accipiter efficax";"Balouet & Olson, 1989";"Accipiter efficax Balouet & Olson, 1989";"Accipiter efficax Balouet & Olson, 1989";;;Chordata;Aves;Animalia;;creux;bleu;rouge;
5;Accipitriformes;Accipitridae;441605;188728;441605;Esp√®ce;"Accipiter fasciatus";"(Vigors & Horsfield, 1826)";"Accipiter fasciatus (Vigors & Horsfield, 1826)";"Accipiter fasciatus (Vigors & Horsfield, 1826)";;;Chordata;Aves;Animalia;;Crochu;marron;jaune;
6;Accipitriformes;Accipitridae;432708;441605;432708;Sous-esp√®ce;"Accipiter fasciatus vigilax";"(Wetmore, 1926)";"Accipiter fasciatus vigilax (Wetmore, 1926)";"Accipiter fasciatus vigilax (Wetmore, 1926)";"Autour australien, √âmouchet gris";"Brown Goshawk";Chordata;Aves;Animalia;;;;;
7;Accipitriformes;Accipitridae;459459;0;441606;Esp√®ce;"Accipiter francesiae";"Smith, 1834";"Accipiter francesiae Smith, 1834";"Accipiter francesii A. Smith, 1834";"√âpervier de Mayotte";;Chordata;Aves;Animalia;;;;;
8;Accipitriformes;Accipitridae;441606;188728;441606;Esp√®ce;"Accipiter francesii";"A. Smith, 1834";"Accipiter francesii A. Smith, 1834";"Accipiter francesii A. Smith, 1834";"√âpervier de Mayotte";;Chordata;Aves;Animalia;;;;;
9;Accipitriformes;Accipitridae;418715;441606;418715;Sous-esp√®ce;"Accipiter francesii brutus";"(Schlegel, 1866)";"Accipiter francesii brutus (Schlegel, 1866)";"Accipiter francesii brutus (Schlegel, 1866)";"√âpervier de Frances";;Chordata;Aves;Animalia;;Crochu;jaune;gris;
10;Accipitriformes;Accipitridae;2891;188728;2891;Esp√®ce;"Accipiter gentilis";"(Linnaeus, 1758)";"Accipiter gentilis (Linnaeus, 1758)";"Accipiter gentilis (Linnaeus, 1758)";"Autour des palombes";"Northern Goshawk";Chordata;Aves;Animalia;;Courb√©;gris;jaune;
11;Accipitriformes;Accipitridae;416684;0;2891;Esp√®ce;"Astur palumbarius";"Linnaeus, 1758";"Astur palumbarius Linnaeus, 1758";"Accipiter gentilis (Linnaeus, 1758)";"Autour des palombes";"Northern Goshawk";Chordata;Aves;Animalia;;;;;
12;Accipitriformes;Accipitridae;2893;0;2891;Esp√®ce;"Falco gentilis";"Linnaeus, 1758";"Falco gentilis Linnaeus, 1758";"Accipiter gentilis (Linnaeus, 1758)";"Autour des palombes";"Northern Goshawk";Chordata;Aves;Animalia;;;;;
13;Accipitriformes;Accipitridae;2894;2891;2894;Sous-esp√®ce;"Accipiter gentilis arrigonii";"(Kleinschmidt, 1903)";"Accipiter gentilis arrigonii (Kleinschmidt, 1903)";"Accipiter gentilis arrigonii (Kleinschmidt, 1903)";"Autour des palombes (ssp. de Corse)";;Chordata;Aves;Animalia;;;;;
14;Accipitriformes;Accipitridae;782301;2891;782301;Sous-esp√®ce;"Accipiter gentilis gentilis";"(Linnaeus, 1758)";"Accipiter gentilis gentilis (Linnaeus, 1758)";"Accipiter gentilis gentilis (Linnaeus, 1758)";;;Chordata;Aves;Animalia;;;;;
15;Accipitriformes;Accipitridae;432607;188728;432607;Esp√®ce;"Accipiter haplochrous";"P. L. Sclater, 1859";"Accipiter haplochrous P. L. Sclater, 1859";"Accipiter haplochrous P. L. Sclater, 1859";"Autour √† ventre blanc, √âmouchet bleu, √âpervier √† ventre blanc, Buse blanche, Buse";;Chordata;Aves;Animalia;;;;;
16;Accipitriformes;Accipitridae;2895;188728;2895;Esp√®ce;"Accipiter nisus";"(Linnaeus, 1758)";"Accipiter nisus (Linnaeus, 1758)";"Accipiter nisus (Linnaeus, 1758)";"√âpervier d'Europe";"Eurasian Sparrowhawk";Chordata;Aves;Animalia;;;;;
17;Accipitriformes;Accipitridae;2898;0;2895;Sous-esp√®ce;"Accipiter nisus nisus";"(Linnaeus, 1758)";"Accipiter nisus nisus (Linnaeus, 1758)";"Accipiter nisus (Linnaeus, 1758)";"√âpervier d'Europe";"Eurasian Sparrowhawk";Chordata;Aves;Animalia;;;;;
18;Accipitriformes;Accipitridae;2899;0;2895;Sous-esp√®ce;"Accipiter nisus wolterstorffi";"Kleinschmidt, 1901";"Accipiter nisus wolterstorffi Kleinschmidt, 1901";"Accipiter nisus (Linnaeus, 1758)";"√âpervier d'Europe";"Eurasian Sparrowhawk";Chordata;Aves;Animalia;;;;;
19;Accipitriformes;Accipitridae;2897;0;2895;Esp√®ce;"Falco nisus";"Linnaeus, 1758";"Falco nisus Linnaeus, 1758";"Accipiter nisus (Linnaeus, 1758)";"√âpervier d'Europe";"Eurasian Sparrowhawk";Chordata;Aves;Animalia;;;;;
20;Accipitriformes;Accipitridae;441607;188728;441607;Esp√®ce;"Accipiter poliogaster";"(Temminck, 1824)";"Accipiter poliogaster (Temminck, 1824)";"Accipiter poliogaster (Temminck, 1824)";"""Autour √† ventre gris """;;Chordata;Aves;Animalia;;;;;
21;Accipitriformes;Accipitridae;698712;188728;698712;Esp√®ce;"Accipiter quartus";"Balouet & Olson, 1989";"Accipiter quartus Balouet & Olson, 1989";"Accipiter quartus Balouet & Olson, 1989";;;Chordata;Aves;Animalia;;;;;
22;Accipitriformes;Accipitridae;441608;188728;441608;Esp√®ce;"Accipiter striatus";"Vieillot, 1807";"Accipiter striatus Vieillot, 1807";"Accipiter striatus Vieillot, 1807";"√âpervier brun";;Chordata;Aves;Animalia;;;;;
23;Accipitriformes;Accipitridae;441609;188728;441609;Esp√®ce;"Accipiter superciliosus";"(Linnaeus, 1766)";"Accipiter superciliosus (Linnaeus, 1766)";"Accipiter superciliosus (Linnaeus, 1766)";"""√âpervier nain """;;Chordata;Aves;Animalia;;;;;
24;Accipitriformes;Accipitridae;441610;188728;441610;Esp√®ce;"Accipiter ventralis";"P. L. Sclater, 1866";"Accipiter ventralis P. L. Sclater, 1866";"Accipiter ventralis P. L. Sclater, 1866";;;Chordata;Aves;Animalia;;;;;
25;Accipitriformes;Accipitridae;2869;188842;2869;Esp√®ce;"Aegypius monachus";"(Linnaeus, 1766)";"Aegypius monachus (Linnaeus, 1766)";"Aegypius monachus (Linnaeus, 1766)";"Vautour moine";;Chordata;Aves;Animalia;;;;;
26;Accipitriformes;Accipitridae;2871;0;2869;Esp√®ce;"Vultur monachus";"Linnaeus, 1766";"Vultur monachus Linnaeus, 1766";"Aegypius monachus (Linnaeus, 1766)";"Vautour moine";;Chordata;Aves;Animalia;;;;;
27;Accipitriformes;Accipitridae;2634;189372;2634;Esp√®ce;"Aquila adalberti";"C. L. Brehm, 1861";"Aquila adalberti C. L. Brehm, 1861";"Aquila adalberti C. L. Brehm, 1861";"Aigle ib√©rique";;Chordata;Aves;Animalia;;;;;
28;Accipitriformes;Accipitridae;2645;189372;2645;Esp√®ce;"Aquila chrysaetos";"(Linnaeus, 1758)";"Aquila chrysaetos (Linnaeus, 1758)";"Aquila chrysaetos (Linnaeus, 1758)";"Aigle royal";"Golden Eagle";Chordata;Aves;Animalia;;;;;
29;Accipitriformes;Accipitridae;416681;0;2645;Esp√®ce;"Aquila fulva";"Linnaeus, 1758";"Aquila fulva Linnaeus, 1758";"Aquila chrysaetos (Linnaeus, 1758)";"Aigle royal";"Golden Eagle";Chordata;Aves;Animalia;;;;;
30;Accipitriformes;Accipitridae;2647;0;2645;Esp√®ce;"Falco chrysaetos";"Linnaeus, 1758";"Falco chrysaetos Linnaeus, 1758";"Aquila chrysaetos (Linnaeus, 1758)";"Aigle royal";"Golden Eagle";Chordata;Aves;Animalia;;;;;
31;Accipitriformes;Accipitridae;2657;189372;2657;Esp√®ce;"Aquila fasciata";"Vieillot, 1822";"Aquila fasciata Vieillot, 1822";"Aquila fasciata Vieillot, 1822";"Aigle de Bonelli";;Chordata;Aves;Animalia;;Crochu;marron;jaune;
32;Accipitriformes;Accipitridae;2655;0;2657;Esp√®ce;"Hieraaetus fasciatus";"(Vieillot, 1822)";"Hieraaetus fasciatus (Vieillot, 1822)";"Aquila fasciata Vieillot, 1822";"Aigle de Bonelli";;Chordata;Aves;Animalia;;;;;
33;Accipitriformes;Accipitridae;2643;189372;2643;Esp√®ce;"Aquila heliaca";"Savigny, 1809";"Aquila heliaca Savigny, 1809";"Aquila heliaca Savigny, 1809";"Aigle imp√©rial";;Chordata;Aves;Animalia;;;;;
34;Accipitriformes;Accipitridae;2648;189372;2648;Esp√®ce;"Aquila nipalensis";"Hodgson, 1833";"Aquila nipalensis Hodgson, 1833";"Aquila nipalensis Hodgson, 1833";"Aigle des steppes";;Chordata;Aves;Animalia;;;;;
35;Accipitriformes;Accipitridae;441695;440296;441695;Esp√®ce;"Busarellus nigricollis";"(Latham, 1790)";"Busarellus nigricollis (Latham, 1790)";"Busarellus nigricollis (Latham, 1790)";"""Buse √† t√™te blanche """;;Chordata;Aves;Animalia;;;;;
36;Accipitriformes;Accipitridae;441702;440297;441702;Esp√®ce;"Buteogallus aequinoctialis";"(Gmelin, 1788)";"Buteogallus aequinoctialis (Gmelin, 1788)";"Buteogallus aequinoctialis (Gmelin, 1788)";"""Buse buson """;;Chordata;Aves;Animalia;;;;;
37;Accipitriformes;Accipitridae;441703;440297;441703;Esp√®ce;"Buteogallus anthracinus";"Deppe, 1830";"Buteogallus anthracinus Deppe, 1830";"Buteogallus anthracinus Deppe, 1830";;;Chordata;Aves;Animalia;;;;;
38;Accipitriformes;Accipitridae;441704;440297;441704;Esp√®ce;"Buteogallus meridionalis";"(Latham, 1790)";"Buteogallus meridionalis (Latham, 1790)";"Buteogallus meridionalis (Latham, 1790)";"""Buse rouss√¢tre """;;Chordata;Aves;Animalia;;;;;
39;Accipitriformes;Accipitridae;782573;0;720201;Esp√®ce;"Asturina schistacea";"Sundevall, 1850";"Asturina schistacea Sundevall, 1850";"Buteogallus schistaceus (Sundevall, 1850)";"Buse ardois√©e";"Slate-coloured Hawk";Chordata;Aves;Animalia;;;;;
40;Accipitriformes;Accipitridae;720201;440297;720201;Esp√®ce;"Buteogallus schistaceus";"(Sundevall, 1850)";"Buteogallus schistaceus (Sundevall, 1850)";"Buteogallus schistaceus (Sundevall, 1850)";"Buse ardois√©e";"Slate-coloured Hawk";Chordata;Aves;Animalia;;;;;
41;Accipitriformes;Accipitridae;442036;0;720201;Esp√®ce;"Leucopternis schistacea";"(Sundevall, 1850)";"Leucopternis schistacea (Sundevall, 1850)";"Buteogallus schistaceus (Sundevall, 1850)";"Buse ardois√©e";"Slate-coloured Hawk";Chordata;Aves;Animalia;;;;;
42;Accipitriformes;Accipitridae;459495;0;720201;Esp√®ce;"Leucopternis schistaceus";"(Sundevall, 1850)";"Leucopternis schistaceus (Sundevall, 1850)";"Buteogallus schistaceus (Sundevall, 1850)";"Buse ardois√©e";"Slate-coloured Hawk";Chordata;Aves;Animalia;;;;;
43;Accipitriformes;Accipitridae;441705;440297;441705;Esp√®ce;"Buteogallus urubitinga";"(Gmelin, 1788)";"Buteogallus urubitinga (Gmelin, 1788)";"Buteogallus urubitinga (Gmelin, 1788)";"""Buse urubu """;;Chordata;Aves;Animalia;;;;;
44;Accipitriformes;Accipitridae;441697;190128;441697;Esp√®ce;"Buteo albonotatus";"Kaup, 1847";"Buteo albonotatus Kaup, 1847";"Buteo albonotatus Kaup, 1847";"""Buse √† queue barr√©e """;;Chordata;Aves;Animalia;;;;;
45;Accipitriformes;Accipitridae;441698;190128;441698;Esp√®ce;"Buteo brachyurus";"Vieillot, 1816";"Buteo brachyurus Vieillot, 1816";"Buteo brachyurus Vieillot, 1816";"""Buse √† queue courte """;;Chordata;Aves;Animalia;;;;;
46;Accipitriformes;Accipitridae;2623;190128;2623;Esp√®ce;"Buteo buteo";"(Linnaeus, 1758)";"Buteo buteo (Linnaeus, 1758)";"Buteo buteo (Linnaeus, 1758)";"Buse variable";"Common Buzzard";Chordata;Aves;Animalia;;;;;
47;Accipitriformes;Accipitridae;2625;0;2623;Esp√®ce;"Falco buteo";"Linnaeus, 1758";"Falco buteo Linnaeus, 1758";"Buteo buteo (Linnaeus, 1758)";"Buse variable";"Common Buzzard";Chordata;Aves;Animalia;;;;;
48;Accipitriformes;Accipitridae;458792;0;2623;Esp√®ce;"Falco vulgaris";;"""Falco vulgaris """;"Buteo buteo (Linnaeus, 1758)";"Buse variable";"Common Buzzard";Chordata;Aves;Animalia;;;;;
49;Accipitriformes;Accipitridae;779863;2623;779863;Sous-esp√®ce;"Buteo buteo vulpinus";"Gloger, 1833";"Buteo buteo vulpinus Gloger, 1833";"Buteo buteo vulpinus Gloger, 1833";;;Chordata;Aves;Animalia;;;;;
50;Accipitriformes;Accipitridae;441699;190128;441699;Esp√®ce;"Buteo jamaicensis";"(Gmelin, 1788)";"Buteo jamaicensis (Gmelin, 1788)";"Buteo jamaicensis (Gmelin, 1788)";"Buse √† queue rousse";"Red-tailed Hawk";Chordata;Aves;Animalia;;;;;
51;Accipitriformes;Accipitridae;813847;0;441699;Esp√®ce;"Falco jamaicensis";"Gmelin, 1788";"Falco jamaicensis Gmelin, 1788";"Buteo jamaicensis (Gmelin, 1788)";"Buse √† queue rousse";"Red-tailed Hawk";Chordata;Aves;Animalia;;;;;
52;Accipitriformes;Accipitridae;2630;190128;2630;Esp√®ce;"Buteo lagopus";"(Pontoppidan, 1763)";"Buteo lagopus (Pontoppidan, 1763)";"Buteo lagopus (Pontoppidan, 1763)";"Buse pattue";"Rough-legged Buzzard";Chordata;Aves;Animalia;;;;;
53;Accipitriformes;Accipitridae;2632;0;2630;Esp√®ce;"Falco lagopus";"Pontoppidan, 1763";"Falco lagopus Pontoppidan, 1763";"Buteo lagopus (Pontoppidan, 1763)";"Buse pattue";"Rough-legged Buzzard";Chordata;Aves;Animalia;;;;;
54;Accipitriformes;Accipitridae;441671;0;626245;Esp√®ce;"Asturina nitida";"(Latham, 1790)";"Asturina nitida (Latham, 1790)";"Buteo nitidus (Latham, 1790)";"Buse cendr√©e";"Grey-lined Hawk, Gray-lined Hawk";Chordata;Aves;Animalia;;;;;
55;Accipitriformes;Accipitridae;626245;190128;626245;Esp√®ce;"Buteo nitidus";"(Latham, 1790)";"Buteo nitidus (Latham, 1790)";"Buteo nitidus (Latham, 1790)";"Buse cendr√©e";"Grey-lined Hawk, Gray-lined Hawk";Chordata;Aves;Animalia;;;;;
56;Accipitriformes;Accipitridae;782522;0;626245;Esp√®ce;"Falco nitidus";"Latham, 1790";"Falco nitidus Latham, 1790";"Buteo nitidus (Latham, 1790)";"Buse cendr√©e";"Grey-lined Hawk, Gray-lined Hawk";Chordata;Aves;Animalia;;;;;
57;Accipitriformes;Accipitridae;441701;190128;441701;Esp√®ce;"Buteo platypterus";"(Vieillot, 1823)";"Buteo platypterus (Vieillot, 1823)";"Buteo platypterus (Vieillot, 1823)";"""Petite Buse """;"Broad-winged Hawk";Chordata;Aves;Animalia;;;;;
58;Accipitriformes;Accipitridae;416687;0;2627;Esp√®ce;"Buteo ferox";"Gmelin, 1771";"Buteo ferox Gmelin, 1771";"Buteo rufinus (Cretzschmar, 1827)";"Buse f√©roce";;Chordata;Aves;Animalia;;;;;
59;Accipitriformes;Accipitridae;2627;190128;2627;Esp√®ce;"Buteo rufinus";"(Cretzschmar, 1827)";"Buteo rufinus (Cretzschmar, 1827)";"Buteo rufinus (Cretzschmar, 1827)";"Buse f√©roce";;Chordata;Aves;Animalia;;;;;
60;Accipitriformes;Accipitridae;2629;0;2627;Esp√®ce;"Falco rufinus";"Cretzschmar, 1827";"Falco rufinus Cretzschmar, 1827";"Buteo rufinus (Cretzschmar, 1827)";"Buse f√©roce";;Chordata;Aves;Animalia;;;;;
61;Accipitriformes;Accipitridae;779895;2627;779895;Sous-esp√®ce;"Buteo rufinus cirtensis";"(Levaillant, 1850)";"Buteo rufinus cirtensis (Levaillant, 1850)";"Buteo rufinus cirtensis (Levaillant, 1850)";;;Chordata;Aves;Animalia;;;;;
62;Accipitriformes;Accipitridae;441766;440323;441766;Esp√®ce;"Chondrohierax uncinatus";"(Temminck, 1822)";"Chondrohierax uncinatus (Temminck, 1822)";"Chondrohierax uncinatus (Temminck, 1822)";"Milan bec-en-croc, Bec-en-croc de Temminck";;Chordata;Aves;Animalia;;;;;
63;Accipitriformes;Accipitridae;2876;0;2873;Esp√®ce;"Circaetus ferox";;"""Circaetus ferox """;"Circaetus gallicus (Gmelin, 1788)";"Circa√®te Jean-le-Blanc";"Short-toed Eagle";Chordata;Aves;Animalia;;;;;
64;Accipitriformes;Accipitridae;2873;190850;2873;Esp√®ce;"Circaetus gallicus";"(Gmelin, 1788)";"Circaetus gallicus (Gmelin, 1788)";"Circaetus gallicus (Gmelin, 1788)";"Circa√®te Jean-le-Blanc";"Short-toed Eagle";Chordata;Aves;Animalia;;;;;
65;Accipitriformes;Accipitridae;2875;0;2873;Esp√®ce;"Falco gallicus";"Gmelin, 1788";"Falco gallicus Gmelin, 1788";"Circaetus gallicus (Gmelin, 1788)";"Circa√®te Jean-le-Blanc";"Short-toed Eagle";Chordata;Aves;Animalia;;;;;
66;Accipitriformes;Accipitridae;2878;190851;2878;Esp√®ce;"Circus aeruginosus";"(Linnaeus, 1758)";"Circus aeruginosus (Linnaeus, 1758)";"Circus aeruginosus (Linnaeus, 1758)";"Busard des roseaux";"Eurasian Marsh Harrier";Chordata;Aves;Animalia;;;;;
67;Accipitriformes;Accipitridae;2880;0;2878;Esp√®ce;"Falco aeruginosus";"Linnaeus, 1758";"Falco aeruginosus Linnaeus, 1758";"Circus aeruginosus (Linnaeus, 1758)";"Busard des roseaux";"Eurasian Marsh Harrier";Chordata;Aves;Animalia;;;;;
68;Accipitriformes;Accipitridae;532382;0;432707;Sous-esp√®ce;"Circus approximans approximans";;"""Circus approximans approximans """;"Circus approximans Peale, 1848";"Busard de Gould";"Swamp Harrier";Chordata;Aves;Animalia;;;;;
69;Accipitriformes;Accipitridae;432707;190851;432707;Esp√®ce;"Circus approximans";"Peale, 1848";"Circus approximans Peale, 1848";"Circus approximans Peale, 1848";"Busard de Gould";"Swamp Harrier";Chordata;Aves;Animalia;;;;;
70;Accipitriformes;Accipitridae;441775;190851;441775;Esp√®ce;"Circus buffoni";"(Gmelin, 1788)";"Circus buffoni (Gmelin, 1788)";"Circus buffoni (Gmelin, 1788)";"""Busard de Buffon """;;Chordata;Aves;Animalia;;;;;
71;Accipitriformes;Accipitridae;2881;190851;2881;Esp√®ce;"Circus cyaneus";"(Linnaeus, 1758)";"Circus cyaneus (Linnaeus, 1758)";"Circus cyaneus (Linnaeus, 1758)";"Busard Saint-Martin";"Hen Harrier";Chordata;Aves;Animalia;;;;;
72;Accipitriformes;Accipitridae;2883;0;2881;Esp√®ce;"Falco cyaneus";"Linnaeus, 1766";"Falco cyaneus Linnaeus, 1766";"Circus cyaneus (Linnaeus, 1758)";"Busard Saint-Martin";"Hen Harrier";Chordata;Aves;Animalia;;;;;
73;Accipitriformes;Accipitridae;836343;190851;836343;Esp√®ce;"Circus hudsonius";"(Linnaeus, 1766)";"Circus hudsonius (Linnaeus, 1766)";"Circus hudsonius (Linnaeus, 1766)";;;Chordata;Aves;Animalia;;;;;
74;Accipitriformes;Accipitridae;418714;190851;418714;Esp√®ce;"Circus macrosceles";"Newton, 1863";"Circus macrosceles Newton, 1863";"Circus macrosceles Newton, 1863";"Busard de Madagascar";;Chordata;Aves;Animalia;;;;;
75;Accipitriformes;Accipitridae;2886;0;2884;Esp√®ce;"Accipiter macrourus";"Gmelin, 1771";"Accipiter macrourus Gmelin, 1771";"Circus macrourus (S. G. Gmelin, 1771)";"Busard p√¢le";"Pallid Harrier";Chordata;Aves;Animalia;;;;;
76;Accipitriformes;Accipitridae;2884;190851;2884;Esp√®ce;"Circus macrourus";"(S. G. Gmelin, 1771)";"Circus macrourus (S. G. Gmelin, 1771)";"Circus macrourus (S. G. Gmelin, 1771)";"Busard p√¢le";"Pallid Harrier";Chordata;Aves;Animalia;;;;;
77;Accipitriformes;Accipitridae;432596;190851;432596;Esp√®ce;"Circus maillardi";"J. Verreaux, 1862";"Circus maillardi J. Verreaux, 1862";"Circus maillardi J. Verreaux, 1862";"Busard de Maillard";;Chordata;Aves;Animalia;;;;;
78;Accipitriformes;Accipitridae;2887;190851;2887;Esp√®ce;"Circus pygargus";"(Linnaeus, 1758)";"Circus pygargus (Linnaeus, 1758)";"Circus pygargus (Linnaeus, 1758)";"Busard cendr√©";"Montagu's Harrier";Chordata;Aves;Animalia;;;;;
79;Accipitriformes;Accipitridae;2889;0;2887;Esp√®ce;"Falco pygargus";"Linnaeus, 1758";"Falco pygargus Linnaeus, 1758";"Circus pygargus (Linnaeus, 1758)";"Busard cendr√©";"Montagu's Harrier";Chordata;Aves;Animalia;;;;;
80;Accipitriformes;Accipitridae;2641;0;836346;Esp√®ce;"Aquila clanga";"Pallas, 1811";"Aquila clanga Pallas, 1811";"Clanga clanga (Pallas, 1811)";"Aigle criard";"Greater Spotted Eagle";Chordata;Aves;Animalia;;;;;
81;Accipitriformes;Accipitridae;836346;836344;836346;Esp√®ce;"Clanga clanga";"(Pallas, 1811)";"Clanga clanga (Pallas, 1811)";"Clanga clanga (Pallas, 1811)";"Aigle criard";"Greater Spotted Eagle";Chordata;Aves;Animalia;;Crochu;marron;jaune;
82;Accipitriformes;Accipitridae;2636;0;836345;Esp√®ce;"Aquila pomarina";"C. L. Brehm, 1831";"Aquila pomarina C. L. Brehm, 1831";"Clanga pomarina (C. L. Brehm, 1831)";"Aigle pomarin";;Chordata;Aves;Animalia;;;;;
83;Accipitriformes;Accipitridae;836345;836344;836345;Esp√®ce;"Clanga pomarina";"(C. L. Brehm, 1831)";"Clanga pomarina (C. L. Brehm, 1831)";"Clanga pomarina (C. L. Brehm, 1831)";"Aigle pomarin";;Chordata;Aves;Animalia;;;;;
84;Accipitriformes;Accipitridae;441888;440375;441888;Esp√®ce;"Elanoides forficatus";"(Linnaeus, 1758)";"Elanoides forficatus (Linnaeus, 1758)";"Elanoides forficatus (Linnaeus, 1758)";"Milan √† queue fourchue, Naucler √† queue fourchue";"Swallow-tailed Kite";Chordata;Aves;Animalia;;;;;
85;Accipitriformes;Accipitridae;828914;0;441888;Esp√®ce;"Falco forficatus";"Linnaeus, 1758";"Falco forficatus Linnaeus, 1758";"Elanoides forficatus (Linnaeus, 1758)";"Milan √† queue fourchue, Naucler √† queue fourchue";"Swallow-tailed Kite";Chordata;Aves;Animalia;;;;;
86;Accipitriformes;Accipitridae;828916;441888;828916;Sous-esp√®ce;"Elanoides forficatus yetapa";"(Vieillot, 1818)";"Elanoides forficatus yetapa (Vieillot, 1818)";"Elanoides forficatus yetapa (Vieillot, 1818)";;;Chordata;Aves;Animalia;;;;;
87;Accipitriformes;Accipitridae;828920;0;828916;Esp√®ce;"Milvus yetapa";"Vieillot, 1818";"Milvus yetapa Vieillot, 1818";"Elanoides forficatus yetapa (Vieillot, 1818)";;;Chordata;Aves;Animalia;;;;;
88;Accipitriformes;Accipitridae;2836;192082;2836;Esp√®ce;"Elanus caeruleus";"(Desfontaines, 1789)";"Elanus caeruleus (Desfontaines, 1789)";"Elanus caeruleus (Desfontaines, 1789)";"√âlanion blanc";;Chordata;Aves;Animalia;;;;;
89;Accipitriformes;Accipitridae;2838;0;2836;Esp√®ce;"Falco caeruleus";"Desfontaines, 1789";"Falco caeruleus Desfontaines, 1789";"Elanus caeruleus (Desfontaines, 1789)";"√âlanion blanc";;Chordata;Aves;Animalia;;;;;
90;Accipitriformes;Accipitridae;441889;192082;441889;Esp√®ce;"Elanus leucurus";"Vieillot, 1818";"Elanus leucurus Vieillot, 1818";"Elanus leucurus Vieillot, 1818";"""√âlanion √† queue blanche """;;Chordata;Aves;Animalia;;;;;
91;Accipitriformes;Accipitridae;441944;440400;441944;Esp√®ce;"Gampsonyx swainsonii";"Vigors, 1825";"Gampsonyx swainsonii Vigors, 1825";"Gampsonyx swainsonii Vigors, 1825";"""√âlanion perle """;;Chordata;Aves;Animalia;;;;;
92;Accipitriformes;Accipitridae;441696;0;720247;Esp√®ce;"Buteo albicaudatus";"Vieillot, 1816";"Buteo albicaudatus Vieillot, 1816";"Geranoaetus albicaudatus (Vieillot, 1816)";"Buse √† queue blanche";"White-tailed Hawk";Chordata;Aves;Animalia;;;;;
93;Accipitriformes;Accipitridae;720247;720246;720247;Esp√®ce;"Geranoaetus albicaudatus";"(Vieillot, 1816)";"Geranoaetus albicaudatus (Vieillot, 1816)";"Geranoaetus albicaudatus (Vieillot, 1816)";"Buse √† queue blanche";"White-tailed Hawk";Chordata;Aves;Animalia;;;;;
94;Accipitriformes;Accipitridae;828824;720247;828824;Sous-esp√®ce;"Geranoaetus albicaudatus colonus";"Berlepsch, 1892";"Geranoaetus albicaudatus colonus Berlepsch, 1892";"Geranoaetus albicaudatus colonus Berlepsch, 1892";;;Chordata;Aves;Animalia;;;;;
95;Accipitriformes;Accipitridae;441950;440404;441950;Esp√®ce;"Geranospiza caerulescens";"(Vieillot, 1817)";"Geranospiza caerulescens (Vieillot, 1817)";"Geranospiza caerulescens (Vieillot, 1817)";"""Buse √©chasse """;;Chordata;Aves;Animalia;;;;;
96;Accipitriformes;Accipitridae;2852;192992;2852;Esp√®ce;"Gypaetus barbatus";"(Linnaeus, 1758)";"Gypaetus barbatus (Linnaeus, 1758)";"Gypaetus barbatus (Linnaeus, 1758)";"Gypa√®te barbu";;Chordata;Aves;Animalia;;;;;
97;Accipitriformes;Accipitridae;2854;0;2852;Esp√®ce;"Vultur barbatus";"Linnaeus, 1758";"Vultur barbatus Linnaeus, 1758";"Gypaetus barbatus (Linnaeus, 1758)";"Gypa√®te barbu";;Chordata;Aves;Animalia;;;;;
98;Accipitriformes;Accipitridae;2860;192993;2860;Esp√®ce;"Gyps fulvus";"(Hablizl, 1783)";"Gyps fulvus (Hablizl, 1783)";"Gyps fulvus (Hablizl, 1783)";"Vautour fauve";"Eurasian Griffon Vulture";Chordata;Aves;Animalia;;;;;
99;Accipitriformes;Accipitridae;2862;0;2860;Esp√®ce;"Vultur fulvus";"Hablizl, 1783";"Vultur fulvus Hablizl, 1783";"Gyps fulvus (Hablizl, 1783)";"Vautour fauve";"Eurasian Griffon Vulture";Chordata;Aves;Animalia;;;;;
100;Accipitriformes;Accipitridae;416705;192993;416705;Esp√®ce;"Gyps melitensis";;"""Gyps melitensis """;"""Gyps melitensis """;;;Chordata;Aves;Animalia;;;;;
101;Accipitriformes;Accipitridae;2850;0;2848;Esp√®ce;"Falco albicilla";"Linnaeus, 1758";"Falco albicilla Linnaeus, 1758";"Haliaeetus albicilla (Linnaeus, 1758)";"Pygargue √† queue blanche";"White-tailed Eagle";Chordata;Aves;Animalia;;;;;
102;Accipitriformes;Accipitridae;2848;193035;2848;Esp√®ce;"Haliaeetus albicilla";"(Linnaeus, 1758)";"Haliaeetus albicilla (Linnaeus, 1758)";"Haliaeetus albicilla (Linnaeus, 1758)";"Pygargue √† queue blanche";"White-tailed Eagle";Chordata;Aves;Animalia;;;;;
103;Accipitriformes;Accipitridae;441967;193035;441967;Esp√®ce;"Haliaeetus leucocephalus";"(Linnaeus, 1766)";"Haliaeetus leucocephalus (Linnaeus, 1766)";"Haliaeetus leucocephalus (Linnaeus, 1766)";"Pygargue √† t√™te blanche";;Chordata;Aves;Animalia;;;;;
104;Accipitriformes;Accipitridae;432706;193035;432706;Esp√®ce;"Haliaeetus leucogaster";"(Gmelin, 1788)";"Haliaeetus leucogaster (Gmelin, 1788)";"Haliaeetus leucogaster (Gmelin, 1788)";"Aigle p√™cheur √† poitrine blanche";;Chordata;Aves;Animalia;;;;;
105;Accipitriformes;Accipitridae;441968;440416;441968;Esp√®ce;"Haliastur sphenurus";"(Vieillot, 1818)";"Haliastur sphenurus (Vieillot, 1818)";"Haliastur sphenurus (Vieillot, 1818)";"Milan siffleur, Aigle siffleur";"Whistling Eagle-Kite";Chordata;Aves;Animalia;;;;;
106;Accipitriformes;Accipitridae;441970;440418;441970;Esp√®ce;"Harpagus bidentatus";"(Latham, 1790)";"Harpagus bidentatus (Latham, 1790)";"Harpagus bidentatus (Latham, 1790)";"Harpage bident√©, Milan bident√©";;Chordata;Aves;Animalia;;;;;
107;Accipitriformes;Accipitridae;441971;440418;441971;Esp√®ce;"Harpagus diodon";"(Temminck, 1823)";"Harpagus diodon (Temminck, 1823)";"Harpagus diodon (Temminck, 1823)";;;Chordata;Aves;Animalia;;;;;
108;Accipitriformes;Accipitridae;441972;440419;441972;Esp√®ce;"Harpia harpyja";"(Linnaeus, 1758)";"Harpia harpyja (Linnaeus, 1758)";"Harpia harpyja (Linnaeus, 1758)";"Harpie f√©roce";;Chordata;Aves;Animalia;;;;;
109;Accipitriformes;Accipitridae;441973;440420;441973;Esp√®ce;"Harpyhaliaetus solitarius";"(Tschudi, 1844)";"Harpyhaliaetus solitarius (Tschudi, 1844)";"Harpyhaliaetus solitarius (Tschudi, 1844)";;;Chordata;Aves;Animalia;;;;;
110;Accipitriformes;Accipitridae;782561;0;459487;Esp√®ce;"Falco hamatus";"Temminck, 1821";"Falco hamatus Temminck, 1821";"Helicolestes hamatus (Temminck, 1821)";"Milan √† long bec";"Slender-billed Kite";Chordata;Aves;Animalia;;;;;
111;Accipitriformes;Accipitridae;459487;782560;459487;Esp√®ce;"Helicolestes hamatus";"(Temminck, 1821)";"Helicolestes hamatus (Temminck, 1821)";"Helicolestes hamatus (Temminck, 1821)";"Milan √† long bec";"Slender-billed Kite";Chordata;Aves;Animalia;;;;;
112;Accipitriformes;Accipitridae;442327;0;459487;Esp√®ce;"Rostrhamus hamatus";"(Temminck, 1821)";"Rostrhamus hamatus (Temminck, 1821)";"Helicolestes hamatus (Temminck, 1821)";"Milan √† long bec";"Slender-billed Kite";Chordata;Aves;Animalia;;;;;
113;Accipitriformes;Accipitridae;2654;0;2651;Esp√®ce;"Aquila pennata";"(Gmelin, 1788)";"Aquila pennata (Gmelin, 1788)";"Hieraaetus pennatus (Gmelin, 1788)";"Aigle bott√©";;Chordata;Aves;Animalia;;;;;
114;Accipitriformes;Accipitridae;2653;0;2651;Esp√®ce;"Falco pennatus";"Gmelin, 1788";"Falco pennatus Gmelin, 1788";"Hieraaetus pennatus (Gmelin, 1788)";"Aigle bott√©";;Chordata;Aves;Animalia;;;;;
115;Accipitriformes;Accipitridae;2651;193275;2651;Esp√®ce;"Hieraaetus pennatus";"(Gmelin, 1788)";"Hieraaetus pennatus (Gmelin, 1788)";"Hieraaetus pennatus (Gmelin, 1788)";"Aigle bott√©";;Chordata;Aves;Animalia;;Crochu;gris;jaune;
116;Accipitriformes;Accipitridae;442010;440440;442010;Esp√®ce;"Ictinia plumbea";"(Gmelin, 1788)";"Ictinia plumbea (Gmelin, 1788)";"Ictinia plumbea (Gmelin, 1788)";"""Milan bleu√¢tre """;;Chordata;Aves;Animalia;;;;;
117;Accipitriformes;Accipitridae;442030;440455;442030;Esp√®ce;"Leptodon cayanensis";"(Latham, 1790)";"Leptodon cayanensis (Latham, 1790)";"Leptodon cayanensis (Latham, 1790)";"Milan de Cayenne, Bec-en-croc de Cayenne";;Chordata;Aves;Animalia;;;;;
118;Accipitriformes;Accipitridae;442035;440458;442035;Esp√®ce;"Leucopternis melanops";"(Latham, 1790)";"Leucopternis melanops (Latham, 1790)";"Leucopternis melanops (Latham, 1790)";"""Buse √† face noire """;;Chordata;Aves;Animalia;;;;;
119;Accipitriformes;Accipitridae;2842;0;2840;Esp√®ce;"Falco migrans";"Boddaert, 1783";"Falco migrans Boddaert, 1783";"Milvus migrans (Boddaert, 1783)";"Milan noir";"Black Kite";Chordata;Aves;Animalia;;;;;
120;Accipitriformes;Accipitridae;2843;0;2840;Esp√®ce;"Milvus korschun";;"""Milvus korschun """;"Milvus migrans (Boddaert, 1783)";"Milan noir";"Black Kite";Chordata;Aves;Animalia;;;;;
121;Accipitriformes;Accipitridae;2840;194785;2840;Esp√®ce;"Milvus migrans";"(Boddaert, 1783)";"Milvus migrans (Boddaert, 1783)";"Milvus migrans (Boddaert, 1783)";"Milan noir";"Black Kite";Chordata;Aves;Animalia;;Crochu;marron;jaune;
122;Accipitriformes;Accipitridae;418713;2840;418713;Sous-esp√®ce;"Milvus migrans parasitus";"Grant & Mackworth-Praed, 1933";"Milvus migrans parasitus Grant & Mackworth-Praed, 1933";"Milvus migrans parasitus Grant & Mackworth-Praed, 1933";"Milan noir (√† bec jaune)";;Chordata;Aves;Animalia;;;;;
123;Accipitriformes;Accipitridae;2846;0;2844;Esp√®ce;"Falco milvus";"Linnaeus, 1758";"Falco milvus Linnaeus, 1758";"Milvus milvus (Linnaeus, 1758)";"Milan royal";"Red Kite";Chordata;Aves;Animalia;;;;;
124;Accipitriformes;Accipitridae;2844;194785;2844;Esp√®ce;"Milvus milvus";"(Linnaeus, 1758)";"Milvus milvus (Linnaeus, 1758)";"Milvus milvus (Linnaeus, 1758)";"Milan royal";"Red Kite";Chordata;Aves;Animalia;;;;;
125;Accipitriformes;Accipitridae;442085;440487;442085;Esp√®ce;"Morphnus guianensis";"(Daudin, 1800)";"Morphnus guianensis (Daudin, 1800)";"Morphnus guianensis (Daudin, 1800)";"""Harpie hupp√©e """;;Chordata;Aves;Animalia;;;;;
126;Accipitriformes;Accipitridae;2856;195156;2856;Esp√®ce;"Neophron percnopterus";"(Linnaeus, 1758)";"Neophron percnopterus (Linnaeus, 1758)";"Neophron percnopterus (Linnaeus, 1758)";"Vautour percnopt√®re";"Egyptian Vulture";Chordata;Aves;Animalia;;;;;
127;Accipitriformes;Accipitridae;2858;0;2856;Esp√®ce;"Vultur perenopterus";"Linnaeus, 1758";"Vultur perenopterus Linnaeus, 1758";"Neophron percnopterus (Linnaeus, 1758)";"Vautour percnopt√®re";"Egyptian Vulture";Chordata;Aves;Animalia;;;;;
128;Accipitriformes;Accipitridae;2834;0;2832;Esp√®ce;"Falco apivorus";"Linnaeus, 1758";"Falco apivorus Linnaeus, 1758";"Pernis apivorus (Linnaeus, 1758)";"Bondr√©e apivore";"European Honey-buzzard";Chordata;Aves;Animalia;;;;;
129;Accipitriformes;Accipitridae;2832;195987;2832;Esp√®ce;"Pernis apivorus";"(Linnaeus, 1758)";"Pernis apivorus (Linnaeus, 1758)";"Pernis apivorus (Linnaeus, 1758)";"Bondr√©e apivore";"European Honey-buzzard";Chordata;Aves;Animalia;;;;;
130;Accipitriformes;Accipitridae;782643;0;720289;Esp√®ce;"Falco albicollis";"Latham, 1790";"Falco albicollis Latham, 1790";"Pseudastur albicollis (Latham, 1790)";"Buse blanche";"White Hawk";Chordata;Aves;Animalia;;;;;
131;Accipitriformes;Accipitridae;442034;0;720289;Esp√®ce;"Leucopternis albicollis";"(Latham, 1790)";"Leucopternis albicollis (Latham, 1790)";"Pseudastur albicollis (Latham, 1790)";"Buse blanche";"White Hawk";Chordata;Aves;Animalia;;;;;
132;Accipitriformes;Accipitridae;720289;720288;720289;Esp√®ce;"Pseudastur albicollis";"(Latham, 1790)";"Pseudastur albicollis (Latham, 1790)";"Pseudastur albicollis (Latham, 1790)";"Buse blanche";"White Hawk";Chordata;Aves;Animalia;;;;;
133;Accipitriformes;Accipitridae;442328;440599;442328;Esp√®ce;"Rostrhamus sociabilis";"(Vieillot, 1817)";"Rostrhamus sociabilis (Vieillot, 1817)";"Rostrhamus sociabilis (Vieillot, 1817)";"""Milan des marais """;;Chordata;Aves;Animalia;;;;;
134;Accipitriformes;Accipitridae;441700;0;720294;Esp√®ce;"Buteo magnirostris";"(Gmelin, 1788)";"Buteo magnirostris (Gmelin, 1788)";"Rupornis magnirostris (Gmelin, 1788)";"Buse √† gros bec";"Roadside Hawk";Chordata;Aves;Animalia;;;;;
135;Accipitriformes;Accipitridae;782644;0;720294;Esp√®ce;"Falco magnirostris";"Gmelin, 1788";"Falco magnirostris Gmelin, 1788";"Rupornis magnirostris (Gmelin, 1788)";"Buse √† gros bec";"Roadside Hawk";Chordata;Aves;Animalia;;;;;
136;Accipitriformes;Accipitridae;720294;720293;720294;Esp√®ce;"Rupornis magnirostris";"(Gmelin, 1788)";"Rupornis magnirostris (Gmelin, 1788)";"Rupornis magnirostris (Gmelin, 1788)";"Buse √† gros bec";"Roadside Hawk";Chordata;Aves;Animalia;;;;;
137;Accipitriformes;Accipitridae;782629;0;459528;Esp√®ce;"Buteo melanoleucus";"Vieillot, 1816";"Buteo melanoleucus Vieillot, 1816";"Spizaetus melanoleucus (Vieillot, 1816)";"Aigle noir et blanc";"Black-and-White Hawk-Eagle";Chordata;Aves;Animalia;;;;;
138;Accipitriformes;Accipitridae;459528;440617;459528;Esp√®ce;"Spizaetus melanoleucus";"(Vieillot, 1816)";"Spizaetus melanoleucus (Vieillot, 1816)";"Spizaetus melanoleucus (Vieillot, 1816)";"Aigle noir et blanc";"Black-and-White Hawk-Eagle";Chordata;Aves;Animalia;;;;;
139;Accipitriformes;Accipitridae;442363;0;459528;Esp√®ce;"Spizastur melanoleucus";"(Vieillot, 1816)";"Spizastur melanoleucus (Vieillot, 1816)";"Spizaetus melanoleucus (Vieillot, 1816)";"Aigle noir et blanc";"Black-and-White Hawk-Eagle";Chordata;Aves;Animalia;;;;;
140;Accipitriformes;Accipitridae;442361;440617;442361;Esp√®ce;"Spizaetus ornatus";"(Daudin, 1800)";"Spizaetus ornatus (Daudin, 1800)";"Spizaetus ornatus (Daudin, 1800)";"""Aigle orn√© """;;Chordata;Aves;Animalia;;;;;
141;Accipitriformes;Accipitridae;828921;0;442362;Esp√®ce;"Falco tyrannus";"Wied-Neuwied, 1820";"Falco tyrannus Wied-Neuwied, 1820";"Spizaetus tyrannus (Wied-Neuwied, 1820)";"""Aigle tyran """;;Chordata;Aves;Animalia;;;;;
142;Accipitriformes;Accipitridae;442362;440617;442362;Esp√®ce;"Spizaetus tyrannus";"(Wied-Neuwied, 1820)";"Spizaetus tyrannus (Wied-Neuwied, 1820)";"Spizaetus tyrannus (Wied-Neuwied, 1820)";"""Aigle tyran """;;Chordata;Aves;Animalia;;;;;
143;Accipitriformes;Accipitridae;828922;442362;828922;Sous-esp√®ce;"Spizaetus tyrannus serus";"Friedmann, 1950";"Spizaetus tyrannus serus Friedmann, 1950";"Spizaetus tyrannus serus Friedmann, 1950";;;Chordata;Aves;Animalia;;;;;
144;Accipitriformes;Accipitridae;2867;0;2864;Esp√®ce;"Aegypius tracheliotus";"(J. R. Forster, 1791)";"Aegypius tracheliotus (J. R. Forster, 1791)";"Torgos tracheliotus (J. R. Forster, 1791)";"Vautour oricou";;Chordata;Aves;Animalia;;;;;
145;Accipitriformes;Accipitridae;459634;0;2864;Esp√®ce;"Torgos tracheliotos";"(Forster, 1791)";"Torgos tracheliotos (Forster, 1791)";"Torgos tracheliotus (J. R. Forster, 1791)";"Vautour oricou";;Chordata;Aves;Animalia;;;;;
146;Accipitriformes;Accipitridae;2864;198508;2864;Esp√®ce;"Torgos tracheliotus";"(J. R. Forster, 1791)";"Torgos tracheliotus (J. R. Forster, 1791)";"Torgos tracheliotus (J. R. Forster, 1791)";"Vautour oricou";;Chordata;Aves;Animalia;;;;;
147;Accipitriformes;Accipitridae;2866;0;2864;Esp√®ce;"Vultur tracheliotus";"Forster, 1791";"Vultur tracheliotus Forster, 1791";"Torgos tracheliotus (J. R. Forster, 1791)";"Vautour oricou";;Chordata;Aves;Animalia;;;;;
148;Accipitriformes;Cathartidae;441730;440311;441730;Esp√®ce;"Cathartes aura";"(Linnaeus, 1758)";"Cathartes aura (Linnaeus, 1758)";"Cathartes aura (Linnaeus, 1758)";"Urubu √† t√™te rouge, Vautour aura, Vautour √† t√™te rouge";"Turkey Vulture";Chordata;Aves;Animalia;;;;;
149;Accipitriformes;Cathartidae;828901;0;441730;Esp√®ce;"Vultur aura";"Linnaeus, 1758";"Vultur aura Linnaeus, 1758";"Cathartes aura (Linnaeus, 1758)";"Urubu √† t√™te rouge, Vautour aura, Vautour √† t√™te rouge";"Turkey Vulture";Chordata;Aves;Animalia;;;;;
150;Accipitriformes;Cathartidae;828902;441730;828902;Sous-esp√®ce;"Cathartes aura ruficollis";"Spix, 1824";"Cathartes aura ruficollis Spix, 1824";"Cathartes aura ruficollis Spix, 1824";;;Chordata;Aves;Animalia;;;;;
151;Accipitriformes;Cathartidae;441731;440311;441731;Esp√®ce;"Cathartes burrovianus";"Cassin, 1845";"Cathartes burrovianus Cassin, 1845";"Cathartes burrovianus Cassin, 1845";"""Urubu √† t√™te jaune """;;Chordata;Aves;Animalia;;;;;
152;Accipitriformes;Cathartidae;829135;441731;829135;Sous-esp√®ce;"Cathartes burrovianus urubutinga";"Pelzeln, 1861";"Cathartes burrovianus urubutinga Pelzeln, 1861";"Cathartes burrovianus urubutinga Pelzeln, 1861";;;Chordata;Aves;Animalia;;;;;
153;Accipitriformes;Cathartidae;441732;440311;441732;Esp√®ce;"Cathartes melambrotus";"Wetmore, 1964";"Cathartes melambrotus Wetmore, 1964";"Cathartes melambrotus Wetmore, 1964";"""Grand Urubu """;;Chordata;Aves;Animalia;;;;;
154;Accipitriformes;Cathartidae;441816;440342;441816;Esp√®ce;"Coragyps atratus";"(Bechstein, 1793)";"Coragyps atratus (Bechstein, 1793)";"Coragyps atratus (Bechstein, 1793)";"""Urubu noir """;;Chordata;Aves;Animalia;;;;;
155;Accipitriformes;Cathartidae;828903;0;441816;Esp√®ce;"Vultur atratus";"Bechstein, 1793";"Vultur atratus Bechstein, 1793";"Coragyps atratus (Bechstein, 1793)";"""Urubu noir """;;Chordata;Aves;Animalia;;;;;
156;Accipitriformes;Cathartidae;828905;0;828904;Esp√®ce;"Cathartes brasiliensis";"Bonaparte, 1850";"Cathartes brasiliensis Bonaparte, 1850";"Coragyps atratus brasiliensis (Bonaparte, 1850)";;;Chordata;Aves;Animalia;;;;;
157;Accipitriformes;Cathartidae;828904;441816;828904;Sous-esp√®ce;"Coragyps atratus brasiliensis";"(Bonaparte, 1850)";"Coragyps atratus brasiliensis (Bonaparte, 1850)";"Coragyps atratus brasiliensis (Bonaparte, 1850)";;;Chordata;Aves;Animalia;;;;;
158;Accipitriformes;Cathartidae;442337;440604;442337;Esp√®ce;"Sarcoramphus papa";"Linnaeus, 1758";"Sarcoramphus papa Linnaeus, 1758";"Sarcoramphus papa Linnaeus, 1758";"""Sarcoramphe roi """;;Chordata;Aves;Animalia;;;;;
159;Accipitriformes;Pandionidae;2662;0;2660;Esp√®ce;"Falco haliaetus";"Linnaeus, 1758";"Falco haliaetus Linnaeus, 1758";"Pandion haliaetus (Linnaeus, 1758)";"Balbuzard p√™cheur";Osprey;Chordata;Aves;Animalia;;;;;
160;Accipitriformes;Pandionidae;2660;195717;2660;Esp√®ce;"Pandion haliaetus";"(Linnaeus, 1758)";"Pandion haliaetus (Linnaeus, 1758)";"Pandion haliaetus (Linnaeus, 1758)";"Balbuzard p√™cheur";Osprey;Chordata;Aves;Animalia;;;;;
161;Accipitriformes;Pandionidae;625971;2660;625971;Sous-esp√®ce;"Pandion haliaetus carolinensis";"(Gmelin, 1788)";"Pandion haliaetus carolinensis (Gmelin, 1788)";"Pandion haliaetus carolinensis (Gmelin, 1788)";;;Chordata;Aves;Animalia;;;;;
162;Accipitriformes;Pandionidae;432705;2660;432705;Sous-esp√®ce;"Pandion haliaetus cristatus";"(Vieillot, 1816)";"Pandion haliaetus cristatus (Vieillot, 1816)";"Pandion haliaetus cristatus (Vieillot, 1816)";"Balbuzard d'Australie, Buse de mer, Aigle p√™cheur";"Osprey, Fish Hawk";Chordata;Aves;Animalia;;;;;
163;Accipitriformes;Pandionidae;625972;2660;625972;Sous-esp√®ce;"Pandion haliaetus ridgwayi";"Maynard, 1887";"Pandion haliaetus ridgwayi Maynard, 1887";"Pandion haliaetus ridgwayi Maynard, 1887";;;Chordata;Aves;Animalia;;;;;
164;Anseriformes;Anatidae;2776;188918;2776;Esp√®ce;"Aix galericulata";"(Linnaeus, 1758)";"Aix galericulata (Linnaeus, 1758)";"Aix galericulata (Linnaeus, 1758)";"Canard mandarin";"Mandarin Duck";Chordata;Aves;Animalia;;;;;
165;Anseriformes;Anatidae;2775;188918;2775;Esp√®ce;"Aix sponsa";"(Linnaeus, 1758)";"Aix sponsa (Linnaeus, 1758)";"Aix sponsa (Linnaeus, 1758)";"Canard carolin, Canard branchu";"Wood Duck";Chordata;Aves;Animalia;;;;;
166;Anseriformes;Anatidae;459626;0;2763;Esp√®ce;"Alopochen aegyptiaca";"(Linnaeus, 1766)";"Alopochen aegyptiaca (Linnaeus, 1766)";"Alopochen aegyptiacus (Linnaeus, 1766)";"Ouette d'√âgypte, Oie d'√âgypte";;Chordata;Aves;Animalia;;;;;
167;Anseriformes;Anatidae;2763;188997;2763;Esp√®ce;"Alopochen aegyptiacus";"(Linnaeus, 1766)";"Alopochen aegyptiacus (Linnaeus, 1766)";"Alopochen aegyptiacus (Linnaeus, 1766)";"Ouette d'√âgypte, Oie d'√âgypte";;Chordata;Aves;Animalia;;;;;
168;Anseriformes;Anatidae;2765;0;2763;Esp√®ce;"Anas aegyptiaca";"Linnaeus, 1766";"Anas aegyptiaca Linnaeus, 1766";"Alopochen aegyptiacus (Linnaeus, 1766)";"Ouette d'√âgypte, Oie d'√âgypte";;Chordata;Aves;Animalia;;;;;
169;Anseriformes;Anatidae;459616;188997;459616;Esp√®ce;"Alopochen kervazoi";"(G.S. Cowles, 1994)";"Alopochen kervazoi (G.S. Cowles, 1994)";"Alopochen kervazoi (G.S. Cowles, 1994)";;;Chordata;Aves;Animalia;;;;;
170;Anseriformes;Anatidae;645631;0;459616;Esp√®ce;"Mascarenachen kervazoi";"G.S. Cowles, 1994";"Mascarenachen kervazoi G.S. Cowles, 1994";"Alopochen kervazoi (G.S. Cowles, 1994)";;;Chordata;Aves;Animalia;;;;;
171;Anseriformes;Anatidae;1973;189130;1973;Esp√®ce;"Anas acuta";"Linnaeus, 1758";"Anas acuta Linnaeus, 1758";"Anas acuta Linnaeus, 1758";"Canard pilet";"Northern pintail";Chordata;Aves;Animalia;;;;;
172;Anseriformes;Anatidae;550537;0;456607;Sous-esp√®ce;"Anas aucklandica aucklandica";"(Gray, 1844)";"Anas aucklandica aucklandica (Gray, 1844)";"Anas aucklandica (G.R. Gray, 1844)";"Sarcelle de Nouvelle-Z√©lande";;Chordata;Aves;Animalia;;;;;
173;Anseriformes;Anatidae;456607;189130;456607;Esp√®ce;"Anas aucklandica";"(G.R. Gray, 1844)";"Anas aucklandica (G.R. Gray, 1844)";"Anas aucklandica (G.R. Gray, 1844)";"Sarcelle de Nouvelle-Z√©lande";;Chordata;Aves;Animalia;;;;;
174;Anseriformes;Anatidae;550538;0;456607;Sous-esp√®ce;"Anas aucklandica nesiotis";"(J. H. Fleming, 1935)";"Anas aucklandica nesiotis (J. H. Fleming, 1935)";"Anas aucklandica (G.R. Gray, 1844)";"Sarcelle de Nouvelle-Z√©lande";;Chordata;Aves;Animalia;;;;;
175;Anseriformes;Anatidae;1948;189130;1948;Esp√®ce;"Anas bahamensis";"Linnaeus, 1758";"Anas bahamensis Linnaeus, 1758";"Anas bahamensis Linnaeus, 1758";"Canard des Bahamas, Pilet des Bahamas";"White-cheeked Pintail";Chordata;Aves;Animalia;;;;;
176;Anseriformes;Anatidae;1958;189130;1958;Esp√®ce;"Anas crecca";"Linnaeus, 1758";"Anas crecca Linnaeus, 1758";"Anas crecca Linnaeus, 1758";"Sarcelle d'hiver";"Common Teal";Chordata;Aves;Animalia;;;;;
177;Anseriformes;Anatidae;199302;0;1961;Esp√®ce;"Anas carolinensis";"Gmelin, 1789";"Anas carolinensis Gmelin, 1789";"Anas crecca carolinensis Gmelin, 1789";"Sarcelle √† ailes vertes, Sarcelle de la Caroline";"Green-winged Teal";Chordata;Aves;Animalia;;;;;
178;Anseriformes;Anatidae;1961;1958;1961;Sous-esp√®ce;"Anas crecca carolinensis";"Gmelin, 1789";"Anas crecca carolinensis Gmelin, 1789";"Anas crecca carolinensis Gmelin, 1789";"Sarcelle √† ailes vertes, Sarcelle de la Caroline";"Green-winged Teal";Chordata;Aves;Animalia;;;;;
179;Anseriformes;Anatidae;1960;1958;1960;Sous-esp√®ce;"Anas crecca crecca";"Linnaeus, 1758";"Anas crecca crecca Linnaeus, 1758";"Anas crecca crecca Linnaeus, 1758";"Sarcelle d'hiver";"Common Teal, Green-winged Teal";Chordata;Aves;Animalia;;;;;
180;Anseriformes;Anatidae;813479;189130;813479;Esp√®ce;"Anas cyanoptera";"Vieillot, 1816";"Anas cyanoptera Vieillot, 1816";"Anas cyanoptera Vieillot, 1816";"Sarcelle cannelle";"Cinnamon Teal";Chordata;Aves;Animalia;;;;;
181;Anseriformes;Anatidae;813480;0;813479;Esp√®ce;"Spatula cyanoptera";"(Vieillot, 1816)";"Spatula cyanoptera (Vieillot, 1816)";"Anas cyanoptera Vieillot, 1816";"Sarcelle cannelle";"Cinnamon Teal";Chordata;Aves;Animalia;;;;;
182;Anseriformes;Anatidae;432601;189130;432601;Esp√®ce;"Anas eatoni";"(Sharpe, 1875)";"Anas eatoni (Sharpe, 1875)";"Anas eatoni (Sharpe, 1875)";"Canard d'Eaton";;Chordata;Aves;Animalia;;;;;
183;Anseriformes;Anatidae;785484;432601;785484;Sous-esp√®ce;"Anas eatoni drygalskii";"Reichenow, 1904";"Anas eatoni drygalskii Reichenow, 1904";"Anas eatoni drygalskii Reichenow, 1904";"Canard de Crozet, Canard d'Eaton (Crozet)";"Crozet Island Pintail, Eaton's Pintail (Crozet)";Chordata;Aves;Animalia;;;;;
184;Anseriformes;Anatidae;785483;432601;785483;Sous-esp√®ce;"Anas eatoni eatoni";"(Sharpe, 1875)";"Anas eatoni eatoni (Sharpe, 1875)";"Anas eatoni eatoni (Sharpe, 1875)";"Canard des Kergu√©len, Canard d'Eaton (Kergu√©len)";"Kerguelen Island Pintail, Eaton's Pintail (Kerguelen)";Chordata;Aves;Animalia;;;;;
185;Anseriformes;Anatidae;432700;189130;432700;Esp√®ce;"Anas gracilis";"Buller, 1869";"Anas gracilis Buller, 1869";"Anas gracilis Buller, 1869";"Sarcelle australasienne, Sarcelle grise";"Grey Teal";Chordata;Aves;Animalia;;;;;
186;Anseriformes;Anatidae;418812;189130;418812;Esp√®ce;"Anas marecula";"Olson & Jouventin, 1996";"Anas marecula Olson & Jouventin, 1996";"Anas marecula Olson & Jouventin, 1996";;;Chordata;Aves;Animalia;;;;;
187;Anseriformes;Anatidae;441638;189130;441638;Esp√®ce;"Anas melleri";"P. L. Sclater, 1865";"Anas melleri P. L. Sclater, 1865";"Anas melleri P. L. Sclater, 1865";"Canard de Meller";;Chordata;Aves;Animalia;;;;;
188;Anseriformes;Anatidae;416680;0;1966;Esp√®ce;"Anas boschas";"Linnaeus, 1758";"Anas boschas Linnaeus, 1758";"Anas platyrhynchos Linnaeus, 1758";"Canard colvert";Mallard;Chordata;Aves;Animalia;;;;;
189;Anseriformes;Anatidae;1966;189130;1966;Esp√®ce;"Anas platyrhynchos";"Linnaeus, 1758";"Anas platyrhynchos Linnaeus, 1758";"Anas platyrhynchos Linnaeus, 1758";"Canard colvert";Mallard;Chordata;Aves;Animalia;;;;;
190;Anseriformes;Anatidae;441639;189130;441639;Esp√®ce;"Anas rhynchotis";"Latham, 1801";"Anas rhynchotis Latham, 1801";"Anas rhynchotis Latham, 1801";"Canard brid√©, Souchet australien";;Chordata;Aves;Animalia;;;;;
191;Anseriformes;Anatidae;432703;441639;432703;Sous-esp√®ce;"Anas rhynchotis rhynchotis";"Latham, 1801";"Anas rhynchotis rhynchotis Latham, 1801";"Anas rhynchotis rhynchotis Latham, 1801";;;Chordata;Aves;Animalia;;;;;
192;Anseriformes;Anatidae;1968;189130;1968;Esp√®ce;"Anas rubripes";"Brewster, 1902";"Anas rubripes Brewster, 1902";"Anas rubripes Brewster, 1902";"Canard noir";"American Black Duck";Chordata;Aves;Animalia;;;;;
193;Anseriformes;Anatidae;441640;189130;441640;Esp√®ce;"Anas superciliosa";"Gmelin, 1789";"Anas superciliosa Gmelin, 1789";"Anas superciliosa Gmelin, 1789";;"Pacific Black Duck";Chordata;Aves;Animalia;;;;;
194;Anseriformes;Anatidae;432702;441640;432702;Sous-esp√®ce;"Anas superciliosa pelewensis";"Hartlaub & Finsch, 1872";"Anas superciliosa pelewensis Hartlaub & Finsch, 1872";"Anas superciliosa pelewensis Hartlaub & Finsch, 1872";"Canard √† sourcils, Canard sauvage";"Grey Duck, Pacific black Duck";Chordata;Aves;Animalia;;;;;
195;Anseriformes;Anatidae;432589;189130;432589;Esp√®ce;"Anas theodori";"Newton & Gadow, 1893";"Anas theodori Newton & Gadow, 1893";"Anas theodori Newton & Gadow, 1893";;;Chordata;Aves;Animalia;;;;;
196;Anseriformes;Anatidae;2734;189224;2734;Esp√®ce;"Anser albifrons";"(Scopoli, 1769)";"Anser albifrons (Scopoli, 1769)";"Anser albifrons (Scopoli, 1769)";"Oie rieuse";"Greater White-fronted Goose";Chordata;Aves;Animalia;;;;;
197;Anseriformes;Anatidae;2736;0;2734;Esp√®ce;"Branta albifrons";"Scopoli, 1769";"Branta albifrons Scopoli, 1769";"Anser albifrons (Scopoli, 1769)";"Oie rieuse";"Greater White-fronted Goose";Chordata;Aves;Animalia;;;;;
198;Anseriformes;Anatidae;2737;2734;2737;Sous-esp√®ce;"Anser albifrons albifrons";"(Scopoli, 1769)";"Anser albifrons albifrons (Scopoli, 1769)";"Anser albifrons albifrons (Scopoli, 1769)";;;Chordata;Aves;Animalia;;;;;
199;Anseriformes;Anatidae;2738;2734;2738;Sous-esp√®ce;"Anser albifrons flavirostris";"Dalgety & Scott, 1948";"Anser albifrons flavirostris Dalgety & Scott, 1948";"Anser albifrons flavirostris Dalgety & Scott, 1948";;;Chordata;Aves;Animalia;;;;;
200;Anseriformes;Anatidae;2743;0;2741;Esp√®ce;"Anas anser";"Linnaeus, 1758";"Anas anser Linnaeus, 1758";"Anser anser (Linnaeus, 1758)";"Oie cendr√©e";"Greylag Goose";Chordata;Aves;Animalia;;;;;
201;Anseriformes;Anatidae;2741;189224;2741;Esp√®ce;"Anser anser";"(Linnaeus, 1758)";"Anser anser (Linnaeus, 1758)";"Anser anser (Linnaeus, 1758)";"Oie cendr√©e";"Greylag Goose";Chordata;Aves;Animalia;;;;;
202;Anseriformes;Anatidae;433478;0;2741;Esp√®ce;"Anser domesticus";"(Linnaeus, 1758)";"Anser domesticus (Linnaeus, 1758)";"Anser anser (Linnaeus, 1758)";"Oie cendr√©e";"Greylag Goose";Chordata;Aves;Animalia;;;;;
203;Anseriformes;Anatidae;2744;2741;2744;Sous-esp√®ce;"Anser anser anser";"(Linnaeus, 1758)";"Anser anser anser (Linnaeus, 1758)";"Anser anser anser (Linnaeus, 1758)";;;Chordata;Aves;Animalia;;;;;
204;Anseriformes;Anatidae;2745;2741;2745;Sous-esp√®ce;"Anser anser rubrirostris";"Swinhoe, 1871";"Anser anser rubrirostris Swinhoe, 1871";"Anser anser rubrirostris Swinhoe, 1871";;;Chordata;Aves;Animalia;;;;;
205;Anseriformes;Anatidae;2725;189224;2725;Esp√®ce;"Anser brachyrhynchus";"(Baillon, 1833)";"Anser brachyrhynchus (Baillon, 1833)";"Anser brachyrhynchus (Baillon, 1833)";"Oie √† bec court";"Pink-footed Goose";Chordata;Aves;Animalia;;Canard;marron;jaune;
206;Anseriformes;Anatidae;2729;0;2727;Esp√®ce;"Anas caerulescens";"Linnaeus, 1758";"Anas caerulescens Linnaeus, 1758";"Anser caerulescens (Linnaeus, 1758)";"Oie des neiges";"Snow Goose";Chordata;Aves;Animalia;;;;;
207;Anseriformes;Anatidae;2727;189224;2727;Esp√®ce;"Anser caerulescens";"(Linnaeus, 1758)";"Anser caerulescens (Linnaeus, 1758)";"Anser caerulescens (Linnaeus, 1758)";"Oie des neiges";"Snow Goose";Chordata;Aves;Animalia;;;;;
208;Anseriformes;Anatidae;2730;0;2727;Esp√®ce;"Chen caerulescens";"(Linnaeus, 1758)";"Chen caerulescens (Linnaeus, 1758)";"Anser caerulescens (Linnaeus, 1758)";"Oie des neiges";"Snow Goose";Chordata;Aves;Animalia;;;;;
209;Anseriformes;Anatidae;2739;189224;2739;Esp√®ce;"Anser erythropus";"(Linnaeus, 1758)";"Anser erythropus (Linnaeus, 1758)";"Anser erythropus (Linnaeus, 1758)";"Oie naine";"Lesser White-fronted Goose";Chordata;Aves;Animalia;;;;;
210;Anseriformes;Anatidae;2720;189224;2720;Esp√®ce;"Anser fabalis";"(Latham, 1787)";"Anser fabalis (Latham, 1787)";"Anser fabalis (Latham, 1787)";"Oie des moissons";"Bean Goose";Chordata;Aves;Animalia;;;;;
211;Anseriformes;Anatidae;2722;0;2720;Esp√®ce;"Anser fabilis";"Latham, 1787";"Anser fabilis Latham, 1787";"Anser fabalis (Latham, 1787)";"Oie des moissons";"Bean Goose";Chordata;Aves;Animalia;;;;;
212;Anseriformes;Anatidae;2723;2720;2723;Sous-esp√®ce;"Anser fabalis fabalis";"(Latham, 1787)";"Anser fabalis fabalis (Latham, 1787)";"Anser fabalis fabalis (Latham, 1787)";;;Chordata;Aves;Animalia;;;;;
213;Anseriformes;Anatidae;2724;2720;2724;Sous-esp√®ce;"Anser fabalis rossicus";"Buturlin, 1933";"Anser fabalis rossicus Buturlin, 1933";"Anser fabalis rossicus Buturlin, 1933";;;Chordata;Aves;Animalia;;;;;
214;Anseriformes;Anatidae;2731;189224;2731;Esp√®ce;"Anser indicus";"(Latham, 1790)";"Anser indicus (Latham, 1790)";"Anser indicus (Latham, 1790)";"Oie √† t√™te barr√©e";;Chordata;Aves;Animalia;;;;;
215;Anseriformes;Anatidae;2733;0;2731;Esp√®ce;"Eulabeia indica";Latham;"Eulabeia indica Latham";"Anser indicus (Latham, 1790)";"Oie √† t√™te barr√©e";;Chordata;Aves;Animalia;;;;;
216;Anseriformes;Anatidae;199305;189690;199305;Esp√®ce;"Aythya affinis";"(Eyton, 1838)";"Aythya affinis (Eyton, 1838)";"Aythya affinis (Eyton, 1838)";"Fuligule √† t√™te noire, Petit Fuligule";"Lesser Scaup";Chordata;Aves;Animalia;;;;;
217;Anseriformes;Anatidae;814136;0;199305;Esp√®ce;"Fuligula affinis";"Eyton, 1838";"Fuligula affinis Eyton, 1838";"Aythya affinis (Eyton, 1838)";"Fuligule √† t√™te noire, Petit Fuligule";"Lesser Scaup";Chordata;Aves;Animalia;;;;;
218;Anseriformes;Anatidae;199304;189690;199304;Esp√®ce;"Aythya americana";"(Eyton, 1838)";"Aythya americana (Eyton, 1838)";"Aythya americana (Eyton, 1838)";"Fuligule √† t√™te rouge";"Redhead [duck]";Chordata;Aves;Animalia;;;;;
219;Anseriformes;Anatidae;441683;189690;441683;Esp√®ce;"Aythya australis";"(Eyton, 1838)";"Aythya australis (Eyton, 1838)";"Aythya australis (Eyton, 1838)";;;Chordata;Aves;Animalia;;;;;
220;Anseriformes;Anatidae;432704;441683;432704;Sous-esp√®ce;"Aythya australis australis";"(Eyton, 1838)";"Aythya australis australis (Eyton, 1838)";"Aythya australis australis (Eyton, 1838)";"Fuligule austral";"Hardhead, Australasian white-eye, White-eyed Duck";Chordata;Aves;Animalia;;;;;
221;Anseriformes;Anatidae;1990;0;1988;Esp√®ce;"Anas collaris";"Donovan, 1809";"Anas collaris Donovan, 1809";"Aythya collaris (Donovan, 1809)";"Fuligule √† bec cercl√©, Fuligule √† collier";"Ring-necked Duck";Chordata;Aves;Animalia;;;;;
222;Anseriformes;Anatidae;1988;189690;1988;Esp√®ce;"Aythya collaris";"(Donovan, 1809)";"Aythya collaris (Donovan, 1809)";"Aythya collaris (Donovan, 1809)";"Fuligule √† bec cercl√©, Fuligule √† collier";"Ring-necked Duck";Chordata;Aves;Animalia;;;;;
223;Anseriformes;Anatidae;1994;0;1991;Esp√®ce;"Anas ferina";"Linnaeus, 1758";"Anas ferina Linnaeus, 1758";"Aythya ferina (Linnaeus, 1758)";"Fuligule milouin";"Common Pochard";Chordata;Aves;Animalia;;;;;
224;Anseriformes;Anatidae;1991;189690;1991;Esp√®ce;"Aythya ferina";"(Linnaeus, 1758)";"Aythya ferina (Linnaeus, 1758)";"Aythya ferina (Linnaeus, 1758)";"Fuligule milouin";"Common Pochard";Chordata;Aves;Animalia;;;;;
225;Anseriformes;Anatidae;1993;0;1991;Esp√®ce;"Nyroca ferina";;"""Nyroca ferina """;"Aythya ferina (Linnaeus, 1758)";"Fuligule milouin";"Common Pochard";Chordata;Aves;Animalia;;;;;
226;Anseriformes;Anatidae;2000;0;1998;Esp√®ce;"Anas fuligula";"Linnaeus, 1758";"Anas fuligula Linnaeus, 1758";"Aythya fuligula (Linnaeus, 1758)";"Fuligule morillon";"Tufted Duck";Chordata;Aves;Animalia;;;;;
227;Anseriformes;Anatidae;1998;189690;1998;Esp√®ce;"Aythya fuligula";"(Linnaeus, 1758)";"Aythya fuligula (Linnaeus, 1758)";"Aythya fuligula (Linnaeus, 1758)";"Fuligule morillon";"Tufted Duck";Chordata;Aves;Animalia;;;;;
228;Anseriformes;Anatidae;2003;0;2001;Esp√®ce;"Anas marila";"Linnaeus, 1761";"Anas marila Linnaeus, 1761";"Aythya marila (Linnaeus, 1761)";"Fuligule milouinan";"Greater Scaup";Chordata;Aves;Animalia;;;;;
229;Anseriformes;Anatidae;2001;189690;2001;Esp√®ce;"Aythya marila";"(Linnaeus, 1761)";"Aythya marila (Linnaeus, 1761)";"Aythya marila (Linnaeus, 1761)";"Fuligule milouinan";"Greater Scaup";Chordata;Aves;Animalia;;;;;
230;Anseriformes;Anatidae;1997;0;1995;Esp√®ce;"Anas nyroca";"Guldenstad, 1770";"Anas nyroca Guldenstad, 1770";"Aythya nyroca (G√ºldenst√§dt, 1770)";"Fuligule nyroca";"Ferruginous Duck";Chordata;Aves;Animalia;;;;;
231;Anseriformes;Anatidae;1995;189690;1995;Esp√®ce;"Aythya nyroca";"(G√ºldenst√§dt, 1770)";"Aythya nyroca (G√ºldenst√§dt, 1770)";"Aythya nyroca (G√ºldenst√§dt, 1770)";"Fuligule nyroca";"Ferruginous Duck";Chordata;Aves;Animalia;;;;;
232;Anseriformes;Anatidae;416717;0;1995;Esp√®ce;"Nyroca fuligula";;"""Nyroca fuligula """;"Aythya nyroca (G√ºldenst√§dt, 1770)";"Fuligule nyroca";"Ferruginous Duck";Chordata;Aves;Animalia;;;;;
233;Anseriformes;Anatidae;199303;189690;199303;Esp√®ce;"Aythya valisineria";"(Wilson, 1814)";"Aythya valisineria (Wilson, 1814)";"Aythya valisineria (Wilson, 1814)";"Fuligule √† dos blanc";Canvasback;Chordata;Aves;Animalia;;;;;
234;Anseriformes;Anatidae;2759;0;2757;Esp√®ce;"Anas bernicla";"Linnaeus, 1758";"Anas bernicla Linnaeus, 1758";"Branta bernicla (Linnaeus, 1758)";"Bernache cravant";"Brent Goose";Chordata;Aves;Animalia;;;;;
235;Anseriformes;Anatidae;2757;190037;2757;Esp√®ce;"Branta bernicla";"(Linnaeus, 1758)";"Branta bernicla (Linnaeus, 1758)";"Branta bernicla (Linnaeus, 1758)";"Bernache cravant";"Brent Goose";Chordata;Aves;Animalia;;;;;
236;Anseriformes;Anatidae;2760;2757;2760;Sous-esp√®ce;"Branta bernicla bernicla";"(Linnaeus, 1758)";"Branta bernicla bernicla (Linnaeus, 1758)";"Branta bernicla bernicla (Linnaeus, 1758)";;;Chordata;Aves;Animalia;;;;;
237;Anseriformes;Anatidae;2762;2757;2762;Sous-esp√®ce;"Branta bernicla hrota";"(O.F. M√ºller, 1776)";"Branta bernicla hrota (O.F. M√ºller, 1776)";"Branta bernicla hrota (O.F. M√ºller, 1776)";"Bernache √† ventre p√¢le";;Chordata;Aves;Animalia;;;;;
238;Anseriformes;Anatidae;199299;0;2762;Esp√®ce;"Branta hrota";"(O.F. M√ºller, 1776)";"Branta hrota (O.F. M√ºller, 1776)";"Branta bernicla hrota (O.F. M√ºller, 1776)";"Bernache √† ventre p√¢le";;Chordata;Aves;Animalia;;;;;
239;Anseriformes;Anatidae;2749;0;2747;Esp√®ce;"Anas canadensis";"Linnaeus, 1758";"Anas canadensis Linnaeus, 1758";"Branta canadensis (Linnaeus, 1758)";"Bernache du Canada";"Canada Goose";Chordata;Aves;Animalia;;;;;
240;Anseriformes;Anatidae;2747;190037;2747;Esp√®ce;"Branta canadensis";"(Linnaeus, 1758)";"Branta canadensis (Linnaeus, 1758)";"Branta canadensis (Linnaeus, 1758)";"Bernache du Canada";"Canada Goose";Chordata;Aves;Animalia;;;;;
241;Anseriformes;Anatidae;2752;0;2750;Esp√®ce;"Anas leucopsis";"Bechstein, 1803";"Anas leucopsis Bechstein, 1803";"Branta leucopsis (Bechstein, 1803)";"Bernache nonnette";"Barnacle Goose";Chordata;Aves;Animalia;;;;;
242;Anseriformes;Anatidae;2750;190037;2750;Esp√®ce;"Branta leucopsis";"(Bechstein, 1803)";"Branta leucopsis (Bechstein, 1803)";"Branta leucopsis (Bechstein, 1803)";"Bernache nonnette";"Barnacle Goose";Chordata;Aves;Animalia;;;;;
243;Anseriformes;Anatidae;534762;0;199300;Sous-esp√®ce;"Branta bernicla nigricans";"(Lawrence, 1846)";"Branta bernicla nigricans (Lawrence, 1846)";"Branta nigricans (Lawrence, 1846)";"Bernache du Pacifique";;Chordata;Aves;Animalia;;;;;
244;Anseriformes;Anatidae;199300;190037;199300;Esp√®ce;"Branta nigricans";"(Lawrence, 1846)";"Branta nigricans (Lawrence, 1846)";"Branta nigricans (Lawrence, 1846)";"Bernache du Pacifique";;Chordata;Aves;Animalia;;;;;
245;Anseriformes;Anatidae;2755;0;2753;Esp√®ce;"Anser ruficollis";"Pallas, 1769";"Anser ruficollis Pallas, 1769";"Branta ruficollis (Pallas, 1769)";"Bernache √† cou roux";"Red-breasted Goose";Chordata;Aves;Animalia;;;;;
246;Anseriformes;Anatidae;2753;190037;2753;Esp√®ce;"Branta ruficollis";"(Pallas, 1769)";"Branta ruficollis (Pallas, 1769)";"Branta ruficollis (Pallas, 1769)";"Bernache √† cou roux";"Red-breasted Goose";Chordata;Aves;Animalia;;"Fin et court";noir;noir;
247;Anseriformes;Anatidae;2756;0;2753;Esp√®ce;"Rufibrenta ruficollis";;"""Rufibrenta ruficollis """;"Branta ruficollis (Pallas, 1769)";"Bernache √† cou roux";"Red-breasted Goose";Chordata;Aves;Animalia;;;;;
248;Anseriformes;Anatidae;814137;0;199310;Esp√®ce;"Anas albeola";"Linnaeus, 1758";"Anas albeola Linnaeus, 1758";"Bucephala albeola (Linnaeus, 1758)";"Garrot alb√©ole";Bufflehead;Chordata;Aves;Animalia;;;;;
249;Anseriformes;Anatidae;199310;190092;199310;Esp√®ce;"Bucephala albeola";"(Linnaeus, 1758)";"Bucephala albeola (Linnaeus, 1758)";"Bucephala albeola (Linnaeus, 1758)";"Garrot alb√©ole";Bufflehead;Chordata;Aves;Animalia;;;;;
250;Anseriformes;Anatidae;2811;0;2808;Esp√®ce;"Anas clangula";"Linnaeus, 1758";"Anas clangula Linnaeus, 1758";"Bucephala clangula (Linnaeus, 1758)";"Garrot √† oeil d'or";"Common Goldeneye";Chordata;Aves;Animalia;;;;;
251;Anseriformes;Anatidae;2808;190092;2808;Esp√®ce;"Bucephala clangula";"(Linnaeus, 1758)";"Bucephala clangula (Linnaeus, 1758)";"Bucephala clangula (Linnaeus, 1758)";"Garrot √† oeil d'or";"Common Goldeneye";Chordata;Aves;Animalia;;Canard;noir;rouge/orange;
252;Anseriformes;Anatidae;2810;0;2808;Esp√®ce;"Glaucionetta clangula";;"""Glaucionetta clangula """;"Bucephala clangula (Linnaeus, 1758)";"Garrot √† oeil d'or";"Common Goldeneye";Chordata;Aves;Animalia;;;;;
253;Anseriformes;Anatidae;2807;0;2805;Esp√®ce;"Anas islandica";"Gmelin, 1789";"Anas islandica Gmelin, 1789";"Bucephala islandica (Gmelin, 1789)";"Garrot d'Islande";"Barrow's Goldeneye";Chordata;Aves;Animalia;;;;;
254;Anseriformes;Anatidae;2805;190092;2805;Esp√®ce;"Bucephala islandica";"(Gmelin, 1789)";"Bucephala islandica (Gmelin, 1789)";"Bucephala islandica (Gmelin, 1789)";"Garrot d'Islande";"Barrow's Goldeneye";Chordata;Aves;Animalia;;;;;
255;Anseriformes;Anatidae;780301;0;441709;Esp√®ce;"Anas moschata";"Linnaeus, 1758";"Anas moschata Linnaeus, 1758";"Cairina moschata (Linnaeus, 1758)";"Canard musqu√©";"Muscovy Duck";Chordata;Aves;Animalia;;;;;
256;Anseriformes;Anatidae;441709;440300;441709;Esp√®ce;"Cairina moschata";"(Linnaeus, 1758)";"Cairina moschata (Linnaeus, 1758)";"Cairina moschata (Linnaeus, 1758)";"Canard musqu√©";"Muscovy Duck";Chordata;Aves;Animalia;;;;;
257;Anseriformes;Anatidae;813758;0;813757;Esp√®ce;"Anas leucophrys";"Vieillot, 1816";"Anas leucophrys Vieillot, 1816";"Callonetta leucophrys (Vieillot, 1816)";"Canard √† collier noir";"Ringed Teal";Chordata;Aves;Animalia;;;;;
258;Anseriformes;Anatidae;813757;813756;813757;Esp√®ce;"Callonetta leucophrys";"(Vieillot, 1816)";"Callonetta leucophrys (Vieillot, 1816)";"Callonetta leucophrys (Vieillot, 1816)";"Canard √† collier noir";"Ringed Teal";Chordata;Aves;Animalia;;;;;
259;Anseriformes;Anatidae;2792;0;2790;Esp√®ce;"Anas hyemalis";"Linnaeus, 1758";"Anas hyemalis Linnaeus, 1758";"Clangula hyemalis (Linnaeus, 1758)";"Harelde de Miquelon, Harelde bor√©ale";;Chordata;Aves;Animalia;;;;;
260;Anseriformes;Anatidae;2790;190884;2790;Esp√®ce;"Clangula hyemalis";"(Linnaeus, 1758)";"Clangula hyemalis (Linnaeus, 1758)";"Clangula hyemalis (Linnaeus, 1758)";"Harelde de Miquelon, Harelde bor√©ale";;Chordata;Aves;Animalia;;;;;
261;Anseriformes;Anatidae;2702;191416;2702;Esp√®ce;"Cygnus atratus";"(Latham, 1790)";"Cygnus atratus (Latham, 1790)";"Cygnus atratus (Latham, 1790)";"Cygne noir";;Chordata;Aves;Animalia;;;;;
262;Anseriformes;Anatidae;2711;0;2709;Esp√®ce;"Anas columbianus";"Ord, 1815";"Anas columbianus Ord, 1815";"Cygnus columbianus (Ord, 1815)";"Cygne de Bewick";"Tundra Swan";Chordata;Aves;Animalia;;;;;
263;Anseriformes;Anatidae;2703;0;2709;Esp√®ce;"Cygnus colombianus";;"""Cygnus colombianus """;"Cygnus columbianus (Ord, 1815)";"Cygne de Bewick";"Tundra Swan";Chordata;Aves;Animalia;;;;;
264;Anseriformes;Anatidae;2713;0;2709;Sous-esp√®ce;"Cygnus columbianus columbianus";"(Ord, 1815)";"Cygnus columbianus columbianus (Ord, 1815)";"Cygnus columbianus (Ord, 1815)";"Cygne de Bewick";"Tundra Swan";Chordata;Aves;Animalia;;;;;
265;Anseriformes;Anatidae;2709;191416;2709;Esp√®ce;"Cygnus columbianus";"(Ord, 1815)";"Cygnus columbianus (Ord, 1815)";"Cygnus columbianus (Ord, 1815)";"Cygne de Bewick";"Tundra Swan";Chordata;Aves;Animalia;;;;;
266;Anseriformes;Anatidae;2712;0;2709;Esp√®ce;"Olor columbianus";;"""Olor columbianus """;"Cygnus columbianus (Ord, 1815)";"Cygne de Bewick";"Tundra Swan";Chordata;Aves;Animalia;;;;;
267;Anseriformes;Anatidae;2705;0;2714;Esp√®ce;"Cygnus bewickii";"Yarrell, 1830";"Cygnus bewickii Yarrell, 1830";"Cygnus columbianus bewickii (Yarrel, 1830)";"Cygne de Bewick";;Chordata;Aves;Animalia;;;;;
268;Anseriformes;Anatidae;2714;2709;2714;Sous-esp√®ce;"Cygnus columbianus bewickii";"(Yarrel, 1830)";"Cygnus columbianus bewickii (Yarrel, 1830)";"Cygnus columbianus bewickii (Yarrel, 1830)";"Cygne de Bewick";;Chordata;Aves;Animalia;;;;;
269;Anseriformes;Anatidae;2717;0;2715;Esp√®ce;"Anas cygnus";"Linnaeus, 1758";"Anas cygnus Linnaeus, 1758";"Cygnus cygnus (Linnaeus, 1758)";"Cygne chanteur";"Whooper Swan";Chordata;Aves;Animalia;;;;;
270;Anseriformes;Anatidae;2715;191416;2715;Esp√®ce;"Cygnus cygnus";"(Linnaeus, 1758)";"Cygnus cygnus (Linnaeus, 1758)";"Cygnus cygnus (Linnaeus, 1758)";"Cygne chanteur";"Whooper Swan";Chordata;Aves;Animalia;;Canard;blanc;noir;
271;Anseriformes;Anatidae;2718;0;2715;Esp√®ce;"Olor cygnus";;"""Olor cygnus """;"Cygnus cygnus (Linnaeus, 1758)";"Cygne chanteur";"Whooper Swan";Chordata;Aves;Animalia;;;;;
272;Anseriformes;Anatidae;2708;0;2706;Esp√®ce;"Anas olor";"Gmelin, 1789";"Anas olor Gmelin, 1789";"Cygnus olor (Gmelin, 1803)";"Cygne tubercul√©";"Mute Swan";Chordata;Aves;Animalia;;;;;
273;Anseriformes;Anatidae;2706;191416;2706;Esp√®ce;"Cygnus olor";"(Gmelin, 1803)";"Cygnus olor (Gmelin, 1803)";"Cygnus olor (Gmelin, 1803)";"Cygne tubercul√©";"Mute Swan";Chordata;Aves;Animalia;;;;;
274;Anseriformes;Anatidae;441860;199216;441860;Esp√®ce;"Dendrocygna arborea";"(Linnaeus, 1758)";"Dendrocygna arborea (Linnaeus, 1758)";"Dendrocygna arborea (Linnaeus, 1758)";"Dendrocygne des Antilles";"West-Indian Whistling-duck";Chordata;Aves;Animalia;;;;;
275;Anseriformes;Anatidae;441861;199216;441861;Esp√®ce;"Dendrocygna arcuata";"(Horsfield, 1824)";"Dendrocygna arcuata (Horsfield, 1824)";"Dendrocygna arcuata (Horsfield, 1824)";;;Chordata;Aves;Animalia;;;;;
276;Anseriformes;Anatidae;432699;441861;432699;Sous-esp√®ce;"Dendrocygna arcuata arcuata";"(Horsfield, 1824)";"Dendrocygna arcuata arcuata (Horsfield, 1824)";"Dendrocygna arcuata arcuata (Horsfield, 1824)";;;Chordata;Aves;Animalia;;;;;
277;Anseriformes;Anatidae;829197;0;441862;Esp√®ce;"Anas autumnalis";"Linnaeus, 1758";"Anas autumnalis Linnaeus, 1758";"Dendrocygna autumnalis (Linnaeus, 1758)";"Dendrocygne √† ventre noir";"Black-bellied Whistling-duck";Chordata;Aves;Animalia;;;;;
278;Anseriformes;Anatidae;441862;199216;441862;Esp√®ce;"Dendrocygna autumnalis";"(Linnaeus, 1758)";"Dendrocygna autumnalis (Linnaeus, 1758)";"Dendrocygna autumnalis (Linnaeus, 1758)";"Dendrocygne √† ventre noir";"Black-bellied Whistling-duck";Chordata;Aves;Animalia;;;;;
279;Anseriformes;Anatidae;2398;199216;2398;Esp√®ce;"Dendrocygna bicolor";"(Vieillot, 1816)";"Dendrocygna bicolor (Vieillot, 1816)";"Dendrocygna bicolor (Vieillot, 1816)";"Dendrocygne fauve";"Fulvous Whistling-duck";Chordata;Aves;Animalia;;;;;
280;Anseriformes;Anatidae;2399;199216;2399;Esp√®ce;"Dendrocygna viduata";"(Linnaeus, 1766)";"Dendrocygna viduata (Linnaeus, 1766)";"Dendrocygna viduata (Linnaeus, 1766)";"Dendrocygne veuf";;Chordata;Aves;Animalia;;;;;
281;Anseriformes;Anatidae;2788;193316;2788;Esp√®ce;"Histrionicus histrionicus";"(Linnaeus, 1758)";"Histrionicus histrionicus (Linnaeus, 1758)";"Histrionicus histrionicus (Linnaeus, 1758)";"Arlequin plongeur, Garrot arlequin";"Harlequin Duck";Chordata;Aves;Animalia;;;;;
282;Anseriformes;Anatidae;199311;199218;199311;Esp√®ce;"Lophodytes cucullatus";"(Linnaeus, 1758)";"Lophodytes cucullatus (Linnaeus, 1758)";"Lophodytes cucullatus (Linnaeus, 1758)";"Harle couronn√©";"Hooded Merganser";Chordata;Aves;Animalia;;;;;
283;Anseriformes;Anatidae;813532;0;199311;Esp√®ce;"Mergellus cucullatus";"(Linnaeus, 1758)";"Mergellus cucullatus (Linnaeus, 1758)";"Lophodytes cucullatus (Linnaeus, 1758)";"Harle couronn√©";"Hooded Merganser";Chordata;Aves;Animalia;;;;;
284;Anseriformes;Anatidae;2820;0;199311;Esp√®ce;"Mergus cucullatus";"Linnaeus, 1758";"Mergus cucullatus Linnaeus, 1758";"Lophodytes cucullatus (Linnaeus, 1758)";"Harle couronn√©";"Hooded Merganser";Chordata;Aves;Animalia;;;;;
285;Anseriformes;Anatidae;1953;0;1955;Esp√®ce;"Anas americana";"Gmelin, 1789";"Anas americana Gmelin, 1789";"Mareca americana (Gmelin, 1789)";"Canard √† front blanc, Canard d'Am√©rique";"American wigeon";Chordata;Aves;Animalia;;;;;
286;Anseriformes;Anatidae;1955;836202;1955;Esp√®ce;"Mareca americana";"(Gmelin, 1789)";"Mareca americana (Gmelin, 1789)";"Mareca americana (Gmelin, 1789)";"Canard √† front blanc, Canard d'Am√©rique";"American wigeon";Chordata;Aves;Animalia;;;;;
287;Anseriformes;Anatidae;1950;0;1952;Esp√®ce;"Anas penelope";"Linnaeus, 1758";"Anas penelope Linnaeus, 1758";"Mareca penelope (Linnaeus, 1758)";"Canard siffleur";"Eurasian Wigeon";Chordata;Aves;Animalia;;;;;
288;Anseriformes;Anatidae;1952;836202;1952;Esp√®ce;"Mareca penelope";"(Linnaeus, 1758)";"Mareca penelope (Linnaeus, 1758)";"Mareca penelope (Linnaeus, 1758)";"Canard siffleur";"Eurasian Wigeon";Chordata;Aves;Animalia;;;;;
289;Anseriformes;Anatidae;1956;0;836203;Esp√®ce;"Anas strepera";"Linnaeus, 1758";"Anas strepera Linnaeus, 1758";"Mareca strepera (Linnaeus, 1758)";"Canard chipeau";Gadwall;Chordata;Aves;Animalia;;Canard;gris;rouge/orange;
290;Anseriformes;Anatidae;836203;836202;836203;Esp√®ce;"Mareca strepera";"(Linnaeus, 1758)";"Mareca strepera (Linnaeus, 1758)";"Mareca strepera (Linnaeus, 1758)";"Canard chipeau";Gadwall;Chordata;Aves;Animalia;;;;;
